,precision,recall,f1-score,support
Normal,0.9224137931034483,0.9145299145299145,0.9184549356223176,234.0
Pneumonia,0.9489795918367347,0.9538461538461539,0.9514066496163683,390.0
accuracy,0.9391025641025641,0.9391025641025641,0.9391025641025641,0.9391025641025641
macro avg,0.9356966924700916,0.9341880341880342,0.934930792619343,624.0
weighted avg,0.9390174173117524,0.9391025641025641,0.9390497568685995,624.0
